R_0,immune %,T_infectious,T_incubation,p_I_to_C%,p_C_to_D%,T_I_to_C,T_C_to_R,T_C_to_D,peak E,peak I,peak R,peak C,max D,total IFR
4.92,6.800000000000001,10.21,4.0,4.0,35.099999999999994,8.52,12.71,6.56,16213.962557801151,30990.736093541887,96481.46162397425,1138.7844264616326,2406.357498406209,2.4333895142857513
5.71,6.0,10.85,5.97,5.2,32.7,9.78,14.22,6.89,22264.86144186459,30531.018343943324,96648.23013655802,1397.658608729817,2857.963535792478,2.8721215285203137
2.86,5.1,11.1,3.67,7.9,30.3,5.9,12.24,6.82,7008.671596375537,17465.419269446455,84278.94172052469,2090.5683772653792,5465.244558948193,6.089706363402048
4.03,5.1,9.65,4.28,5.8999999999999995,35.3,9.16,12.21,7.15,14340.601000865257,26018.923227319614,94660.90373292008,1376.0813720835044,2916.092065571043,2.9884664683298086
4.92,6.1,11.23,5.64,3.1,26.200000000000003,8.73,14.09,6.0,18619.39973523712,28672.487763591587,97144.18229938547,888.5821466864732,1777.7059043829229,1.7970638612434755
2.33,6.1,9.34,4.86,3.8,30.8,7.43,12.85,5.47,6651.389150997742,11796.51393465448,81666.63563867201,515.3776732268813,2023.651834459688,2.41798945684618
2.61,5.5,11.2,3.1,5.8999999999999995,29.799999999999997,12.31,14.76,8.24,5653.436967048346,17932.377143567428,86920.96748856563,907.5567555487405,2074.555383434925,2.3310332223273695
5.0,6.1,11.83,3.3,7.8,34.1,11.83,15.75,5.97,13690.408081298852,34837.28937075097,94584.99691059842,1879.5918065819053,4459.05140569653,4.502016870084388
1.94,6.800000000000001,10.52,7.05,3.8,27.1,5.03,13.71,8.26,4476.275653896161,6227.93402700445,67698.4864619272,528.2211053865511,2014.7393421569886,2.875820388596916
4.03,6.7,9.93,5.44,5.800000000000001,26.3,9.13,13.28,6.5,15740.633833651375,23777.355604632834,94805.90584891432,1340.4489906548658,2577.195282663353,2.646424460688082
3.1,6.9,10.41,7.08,7.6,39.4,9.55,13.3,8.32,12566.944239299837,16501.651277541143,89155.77710124398,1283.436492319132,3902.272663212279,4.19334083136081
2.1,6.9,9.2,3.4,3.6999999999999997,35.699999999999996,10.27,14.21,8.4,4204.051910653644,10684.9403440308,77368.20780170086,403.72570960170367,1267.223888474173,1.6114806113474915
1.83,6.2,8.86,7.33,5.3,27.400000000000002,6.36,14.7,8.6,4485.806854155505,5195.189185879572,65555.71496004213,512.3509843600577,1899.1930008228176,2.8048093264901754
5.82,6.3,11.64,6.2,7.1,28.499999999999996,6.89,13.53,7.03,21889.365712193096,29968.991635590595,94495.27673677598,2722.115198104689,4935.922941858313,4.964117776725969
2.52,6.5,11.72,7.75,4.2,28.999999999999996,8.92,12.05,5.43,8805.432452995352,12246.569237912905,84417.62684282125,493.0768099482385,2243.904258148025,2.58896961634478
2.04,6.2,10.71,7.8,2.5,32.2,10.99,13.77,6.69,6025.102989245364,7957.850098495315,75892.27918889742,179.74589399708725,923.1081207361865,1.1994265364499217
5.64,6.4,8.2,3.26,7.9,28.1,5.5,12.14,8.35,18455.454523188062,32824.11938414278,95276.7972022797,3641.315047197382,4081.925342808883,4.1082041323677005
3.38,5.5,10.68,5.37,2.8000000000000003,37.8,7.63,13.55,6.22,12259.446939478248,20708.43376702662,92932.30762476817,641.2132893320619,2098.3119153137004,2.208015387829032
2.19,5.8999999999999995,10.5,7.98,5.7,32.5,9.96,12.51,5.4,7311.672858697404,9152.857285026266,78455.87234339971,444.8200827705087,2557.479523135186,3.1552523353692035
1.95,6.9,9.0,3.75,3.4000000000000004,35.0,7.54,13.92,7.14,3658.2134043033316,8318.116152610675,71862.52308705286,370.3773369599349,1515.044919913698,2.064621702805997
5.71,5.800000000000001,9.2,4.61,5.1,33.2,9.47,15.66,8.54,21377.59182430589,31824.137472588558,97175.83707642989,1541.2112590096265,2354.7617067859437,2.365840413176376
2.07,6.2,10.02,3.03,3.4000000000000004,31.900000000000002,6.76,13.88,8.02,3448.993948629619,10493.093704263243,75344.37869443065,551.6864650517122,1710.5647409638982,2.2198538453602636
2.57,5.3,9.49,5.32,7.5,33.900000000000006,8.62,15.2,7.22,8585.610089263319,13938.029426807518,84344.19839166824,1216.6279998900166,3747.8713629715858,4.254445015276634
4.38,6.7,11.14,5.53,2.8000000000000003,31.4,4.9,14.76,6.83,16123.455583471245,25500.810726380176,94907.30623494239,1335.5893065634978,2992.3434285081175,3.0565124257053053
3.08,5.3,9.35,6.0,5.8999999999999995,25.1,8.4,14.57,6.83,12384.008237849957,17125.99032201354,90765.39531777192,1199.4503561044924,2537.3987544975007,2.7195063715091505
3.31,5.6000000000000005,8.37,3.27,2.0,39.900000000000006,11.94,14.12,6.62,10394.985159667342,22464.240293678373,94159.19930449019,307.36942374223213,784.8651019610338,0.82664653877372
3.5,5.2,11.05,7.79,7.7,35.9,4.51,14.27,6.45,14214.81648989116,16360.84323503608,85120.90918039443,2542.9201656931573,8822.721951574376,9.391438840191052
2.47,5.4,10.7,5.97,5.800000000000001,36.5,6.91,15.02,5.9,7684.276793974392,12396.716262958678,81185.146308046,943.229061630696,4426.668492439246,5.170515259766934
4.78,6.800000000000001,9.82,5.45,4.5,30.3,6.6,12.4,7.37,18757.46472640553,26558.90986913645,95913.33488877106,1541.382364371907,2730.105894859563,2.7676241908181907
3.48,6.3,10.88,7.52,2.1,30.8,6.54,12.88,7.55,14852.829252892618,18671.62610868914,93922.3489016463,571.6928806222744,1417.7811834981658,1.4870663200391754
2.52,6.2,9.0,7.95,6.800000000000001,39.900000000000006,12.49,14.6,7.6,10714.70049012307,11616.98253079575,85539.24221740066,628.5484196580493,2463.7513104173245,2.7995859771084874
5.45,5.4,10.53,5.78,6.9,26.5,9.83,15.21,6.63,21489.96364051405,29870.790187378974,96080.54717703546,1898.3523460782924,3309.3449575191407,3.329629666825702
4.1,5.1,9.9,5.01,4.8,37.5,10.7,15.49,5.21,15780.708326027832,25460.195806318432,95012.34979579503,882.9283741173466,2793.401206877241,2.8560403760895783
5.35,6.4,9.32,5.11,6.7,26.1,10.04,15.21,8.33,21019.71255039285,29658.01669069539,96891.17471519779,1861.3895871877621,2433.615143112143,2.4501339343046222
4.7,6.800000000000001,9.74,5.25,6.6000000000000005,30.7,9.78,15.85,8.35,18387.21543055945,27165.595940054165,95711.32416120723,1787.9841626171594,2963.491662603254,3.0032608803925025
2.62,6.6000000000000005,11.86,4.64,5.5,36.3,12.27,13.87,7.34,7034.2125636638975,16104.641237706986,86162.76676621525,699.8505009792261,2446.958927766028,2.761456303518665
2.1,6.7,9.56,5.47,4.7,26.1,12.29,12.45,7.92,5672.191611230554,9505.660127764666,78076.92265869225,371.6935798096432,1043.4197063706451,1.3186883938321763
2.51,6.800000000000001,9.56,4.03,3.4000000000000004,37.7,9.4,12.99,7.41,6761.661336729766,14555.047233693027,85339.88720772631,486.2751521668561,1545.6381130250425,1.778909523419402
5.44,5.4,9.49,6.25,4.6,33.2,7.35,14.26,5.56,23225.037437815103,27547.478253152065,96093.1129253151,1349.611423405436,3263.1505591437226,3.2842656202191467
4.33,6.3,8.65,6.37,2.0,33.5,8.73,15.15,7.92,19751.51440798577,22647.390629815818,97181.40390628055,491.0324215834263,954.5316568984166,0.9726547325508458
4.53,5.8999999999999995,8.55,7.63,7.9,37.7,9.76,12.81,8.85,22610.69952338815,21806.76168860118,95347.3011769514,1616.090866004113,3216.4928229187803,3.2633392468900113
5.32,6.4,8.56,5.89,8.0,25.3,5.96,14.39,5.54,22816.548133484295,25927.46613384046,94000.71596297112,2864.3438576936524,5152.036278452207,5.19601403725285
4.28,5.2,10.18,6.72,3.8,36.1,8.57,13.97,5.3,18716.910627781806,23496.192227612803,95447.32021716327,812.9806702277364,2629.731033131701,2.6812700198023247
3.2,6.6000000000000005,10.99,4.98,3.1,25.4,8.43,13.27,7.4,10542.41580136616,19928.04440193117,92352.50732089438,715.098087825231,1423.3393110990648,1.5177932983820688
3.23,5.4,10.73,5.08,6.4,39.7,12.13,12.91,8.46,11321.79997108929,20670.10499773949,91854.34993769911,1028.6226993150053,2702.816536072448,2.858363388845603
2.43,5.5,9.04,6.4,2.4,26.700000000000003,10.15,14.3,8.26,8886.773453908792,11778.37284193589,85570.26799252215,303.9141518935821,715.156564994794,0.8288170826000986
3.06,6.0,9.19,6.49,4.8,38.9,8.22,12.48,8.79,12755.287160170725,16210.354082203954,90650.9071327116,907.3771065933868,2356.307620640435,2.5334459854110385
5.32,5.5,8.77,3.69,6.0,28.7,11.0,12.11,5.19,18570.834284429347,32776.65041050301,97033.0873140321,1246.391495237338,2330.45875258224,2.3453526438551684
1.98,6.2,8.92,7.16,2.3,32.5,5.98,12.53,7.1,5720.928061346904,6828.613150335759,73307.86224258125,253.99113730339744,1159.3537826991137,1.555987688258593
4.04,5.5,9.62,6.4,6.9,29.599999999999998,10.93,15.29,5.79,17774.54274521457,22718.466046767975,94525.00981990786,1269.290963291222,3146.8775469129278,3.221860262858169
2.7,5.1,11.51,7.77,4.8,25.1,10.96,14.2,7.62,10461.773778644838,14185.18297357866,88231.56876426394,671.2987598499252,1739.2154818562055,1.9330380348048162
2.82,5.6000000000000005,10.82,6.65,3.0,39.300000000000004,8.96,14.77,5.11,10544.056333191225,15454.292302227961,88860.51892990782,413.84838003824296,2135.1879664663966,2.3464479966345904
5.43,6.3,11.18,5.94,3.2,39.1,6.61,15.39,6.49,20788.309335143527,29516.282780144058,96112.99955028773,1197.98653091208,3173.2206046145584,3.1960054102173667
4.99,5.2,11.69,4.46,4.6,37.1,10.38,14.52,7.61,16492.505292086556,31985.201852401766,96350.74787582249,1251.587718595785,2701.409406700051,2.7272275215518986
5.82,6.4,11.58,6.58,7.6,39.900000000000006,10.15,13.18,5.37,22848.63144114269,30271.28357404985,94240.72345807645,1652.1837837065275,5291.385845706157,5.316218518963288
4.71,6.6000000000000005,10.18,5.89,4.3999999999999995,28.1,11.85,15.76,7.43,19163.15530240471,26725.55537509889,97033.66245590016,960.9787999675178,1702.1335529481294,1.7239122777184384
2.98,6.4,9.14,7.55,6.4,39.5,5.63,15.32,8.68,12722.067815636485,13693.461531742169,86492.43713981874,1642.9710206065502,4888.207614550737,5.349240091717196
4.28,6.9,10.89,7.37,2.1999999999999997,25.4,5.5,13.06,5.29,18422.68829477342,22525.57655521529,95891.11267164467,763.3076461880102,1904.4488086037647,1.9473637285358858
2.44,5.0,9.98,7.24,4.6,39.300000000000004,5.33,13.7,7.74,8638.143718340318,10798.666778786888,81178.2866107999,922.3094070100483,3755.6887153527377,4.421747059895839
3.7,5.800000000000001,8.04,5.48,7.5,37.1,5.21,14.61,8.28,15709.199408749737,19379.091576101895,90538.96727399944,2622.958216646607,5443.585916752645,5.671377154431068
5.17,7.000000000000001,8.92,5.12,5.800000000000001,39.4,9.81,12.33,7.34,20749.19417790973,28428.24747980794,96427.03093077552,1325.0196261929955,2744.7102909172363,2.767605329137522
4.43,5.1,9.4,4.74,6.2,33.4,11.75,12.01,5.01,17153.993471062087,27378.52374477429,95789.09064447993,1020.7205065092868,2700.289489111799,2.741675858142976
2.77,6.9,9.59,4.65,5.5,39.2,5.14,15.43,8.96,8347.888585628516,14915.423242088178,84176.39457584458,1692.3168697715603,4573.843860899207,5.153547979699154
4.86,5.8999999999999995,10.8,5.58,3.5000000000000004,26.3,9.84,13.28,8.79,18750.84725165709,28340.928667677734,97571.21194754286,955.8666444841291,1326.2400622116875,1.3410129986011523
5.73,5.1,10.53,3.94,5.800000000000001,31.8,11.3,12.52,8.42,18661.34816848946,35343.678713907386,97352.10449539841,1508.6799199191412,2212.0565012160196,2.221710198800656
5.3,6.1,8.74,4.05,6.2,37.8,12.06,15.41,7.87,19373.022986746382,31743.00782714647,96878.57320995248,1374.6813214670549,2467.6204534505614,2.4838279603278064
1.89,6.0,9.81,6.28,7.5,34.0,11.45,13.37,7.11,4682.649346900783,7135.468451493274,70533.09755676547,464.21387455414134,2324.503881719768,3.186526826775847
2.72,5.8999999999999995,11.47,4.03,5.800000000000001,36.6,12.1,14.35,6.7,7107.274280174177,17819.698602377717,87360.36744200971,790.1251118101054,2747.2265550224324,3.048783895663939
3.76,5.800000000000001,8.11,6.06,7.1,34.2,9.47,13.45,5.56,17317.688826582325,20285.549689968702,93563.50258057652,1202.2352286982034,3314.82305831,3.4216054241293428
2.71,5.800000000000001,10.13,7.04,5.8999999999999995,25.8,9.69,14.33,6.49,10552.784420972584,13931.369599402178,87449.03028486583,853.2721134423149,2400.415860539135,2.671570313825826
5.13,5.1,10.96,4.31,6.800000000000001,38.6,7.85,13.64,7.09,17107.97727803415,31655.98273248651,94073.69647377168,2244.6174518476387,5014.528340474735,5.060608770660756
4.84,6.0,8.18,6.43,7.000000000000001,26.200000000000003,4.83,12.47,7.13,22132.956073933467,22656.046757640648,94343.32394568174,2795.6212003526493,4270.904970350122,4.330886591373219
2.44,5.8999999999999995,9.66,6.32,2.4,28.299999999999997,7.3,15.5,7.37,8392.095064166262,11892.518357906712,84634.71804085674,424.35025787514917,1227.3243891152035,1.4293933026098038
4.78,5.3,8.7,6.97,4.9,26.900000000000002,8.55,12.81,5.26,22726.02189939574,23610.58244214408,96529.04393992823,1067.9661561889052,2327.5497311094728,2.3544534189436477
4.9,6.6000000000000005,11.71,7.46,4.8,32.800000000000004,9.68,15.71,7.29,20662.770883402623,25991.955074897785,95952.75037542882,1247.4426540550305,2913.596284038769,2.9469846839570457
3.09,5.7,8.65,6.93,3.8,25.3,11.53,14.07,8.4,14017.109009480955,15988.891904253896,92661.79242416075,551.9736507367292,975.4903233324835,1.041767325924965
5.64,6.2,8.67,4.03,6.7,32.2,8.19,14.27,7.45,20295.575712214784,32229.7392797631,96123.34188758726,2149.6945382150598,3347.611437189539,3.365372369620053
3.48,6.6000000000000005,11.63,7.38,7.8,25.2,7.45,13.23,7.04,13851.371253857053,18453.711215850744,90487.01438409055,1891.579779424128,4286.166576906128,4.522517891360165
4.91,5.4,9.63,5.23,2.1999999999999997,27.700000000000003,7.53,13.72,7.96,19478.873464821747,28043.840741847645,97862.26609673596,741.6427631288595,1100.6508655537993,1.112174066469239
3.67,5.4,8.49,6.24,4.2,29.599999999999998,11.21,13.21,8.05,16783.731813964907,20058.335710792737,95359.1630731328,705.8416839204483,1267.7888335632324,1.3120335577048545
4.72,6.800000000000001,8.23,5.75,5.4,28.9,10.32,14.22,8.69,20981.76746214982,24902.836673289657,97045.67826767486,1217.4072372495268,1717.6897437076918,1.73918145929516
2.11,5.4,9.97,6.51,6.1,33.1,11.06,12.13,6.91,6353.148159428413,9314.573482529237,77822.62746945083,477.67095006979787,2053.45822856004,2.5703642982355523
4.48,6.4,9.47,3.65,6.0,33.0,5.91,13.83,6.88,14444.398092938884,28296.245148324488,93584.89187320034,2380.33340956814,4529.2585990335165,4.616247982095809
3.78,6.9,11.03,4.98,7.9,29.599999999999998,5.27,15.92,8.36,12427.512955638433,21553.160869997668,89000.74953587753,3396.9818201229236,6460.591746262718,6.767683576152526
2.27,6.5,8.42,4.47,4.1000000000000005,35.4,6.44,15.59,8.43,6275.454277424052,10953.84679422142,79928.18749910696,755.0008900532017,2188.026798155873,2.664509698970923
5.28,6.7,11.85,7.04,7.1,34.300000000000004,8.48,15.28,7.25,21236.5154158023,27535.09732097062,94123.23624925896,2150.326858636994,5011.328571084187,5.055039938542124
4.33,5.0,10.87,7.84,5.2,34.4,7.64,13.5,8.46,19596.528543229255,22488.154508708747,94835.1876920013,1481.6913525297014,3234.3517227362586,3.297996758977306
2.64,5.4,9.23,3.13,5.7,25.8,12.25,13.76,8.0,6727.717951910754,17683.804737806324,88226.8266132297,823.2871916280445,1462.0988383279353,1.6301582246636275
4.41,6.0,8.11,4.59,2.8000000000000003,31.2,7.46,12.66,5.47,17802.614073993464,25524.19155346248,96754.36291838884,713.1154653282757,1528.2975484865738,1.5549843541621073
4.85,5.800000000000001,11.09,6.02,4.3999999999999995,29.099999999999998,8.96,13.97,8.88,19117.855013086766,27611.971467196152,96764.53637432911,1324.0261320275922,2090.4289358304563,2.1146240715993883
5.85,5.8999999999999995,10.41,5.61,4.8,27.3,7.86,14.47,7.4,22450.32689009546,30941.43732891308,96908.18414150855,1697.1393968548107,2638.3289728490463,2.6503235182729266
5.36,6.4,8.52,3.44,3.3000000000000003,29.9,11.88,12.26,6.77,18115.91594037944,33092.47170824882,98312.62567136018,687.7451887928221,1034.3123800262742,1.041095507165702
3.07,5.3,11.69,6.46,4.3,31.6,9.62,14.8,6.74,11348.247192994766,17989.737032291756,90741.9235037819,787.032211480533,2429.2037002804605,2.607225381081414
4.75,5.4,11.01,6.24,5.4,33.7,5.0,15.2,8.97,18733.500382563063,25319.906733105196,93343.05252827129,2749.684623786202,5085.88916393288,5.16702360311239
2.9,6.7,10.67,4.65,5.1,25.6,6.89,12.63,7.25,8678.557853624385,17192.005032057612,88232.96740258147,1216.5045203780915,2615.8908846054205,2.8793521082642783
3.77,5.1,8.98,6.34,3.6999999999999997,39.300000000000004,5.08,13.43,8.3,16610.973494548118,19912.366322319147,93378.59782138471,1340.9855250662094,3140.6334165323988,3.2538666613934684
1.97,5.5,9.72,7.56,6.4,38.0,6.78,12.93,7.32,5462.078456807694,6627.758634422051,69896.4345257015,606.9908448059239,3392.5165195188883,4.620142244352951
5.52,6.800000000000001,9.77,6.2,2.5,28.9,9.9,14.49,8.7,22988.162445422367,28355.953520531788,98409.40373381638,679.1833277628416,990.3210858901327,0.996293338414674
5.72,5.6000000000000005,10.67,7.24,7.7,26.900000000000002,4.74,14.72,5.54,23718.40560135,25813.236594666658,91489.23763646938,3583.790044515972,7757.277122503759,7.816115209030494
4.34,5.3,9.01,6.68,3.0,36.3,7.98,13.15,7.96,20027.020545275198,22693.26021437417,96599.29489197223,762.5658336740468,1606.8129781078978,1.6361512237438278
5.51,5.7,10.74,7.53,7.8,35.3,10.26,13.23,8.6,24158.65216355316,27254.656308694328,95727.63236584557,1909.6925545753531,3690.6993822678746,3.712267285683321
2.29,6.4,8.25,3.14,5.8999999999999995,31.3,5.73,12.3,5.93,5081.2772420257725,12052.249989829805,78658.74334142215,1050.5406496870617,3297.0153344365785,4.022838420880188
2.91,5.3,10.08,6.08,2.3,30.599999999999998,5.84,14.41,5.7,10902.528023292996,16031.687348364454,89778.1213764064,568.0067542983984,1886.650996600493,2.058187998921352
4.01,6.9,9.41,7.16,6.5,25.900000000000002,11.1,12.23,8.96,18498.192012384156,21098.82771632136,95713.42187120017,1180.6199410448937,1752.0368479315646,1.7975845205861787
2.73,6.3,8.17,3.41,5.0,29.799999999999997,5.59,13.0,8.13,7716.5177662054375,16170.736937892383,86691.82083481761,1371.4092930979207,2578.187689036906,2.8880285154516088
4.67,6.1,10.21,5.41,3.1,37.8,9.13,15.82,6.27,18220.08055383423,27245.28631197462,96594.84117656281,779.0635316854333,2062.539674916353,2.090588400032647
1.95,6.5,8.88,5.24,5.8999999999999995,26.6,7.82,14.08,7.4,4606.017890863134,7453.412189401442,71557.57853279814,604.5335067798073,1994.6009715711398,2.711399169678369
3.38,5.1,8.3,6.11,6.0,25.5,6.7,14.62,6.52,14990.377822289198,17848.228267423834,92026.049434344,1520.4751950666046,3024.4926277470754,3.1819554101498935
5.53,5.1,8.87,5.82,5.2,28.999999999999996,6.98,14.18,5.88,23556.45448295129,27893.91512792749,96202.49839206533,1677.2091986282155,3214.678468824057,3.2334954720828866
2.36,5.800000000000001,9.49,3.93,3.4000000000000004,33.5,5.74,14.28,7.68,5854.130916974451,12750.293134236363,81630.20855828127,762.2421034381234,2230.3968466550764,2.6596043206205082
3.14,5.7,9.25,4.16,4.9,31.900000000000002,6.72,12.51,7.92,10275.391742525815,19480.220313906928,90749.6633813531,1295.668609940884,2629.853849392163,2.8162692720247025
2.06,5.3,9.54,3.61,5.2,27.0,5.84,15.59,5.11,3964.9191302191757,9578.34002446323,73029.12705930663,806.4575237758138,3329.0371211989504,4.359626654208701
3.22,6.1,11.19,7.26,3.5000000000000004,36.6,5.55,15.67,6.71,12776.698949373027,17016.025811932366,89816.23984764612,1031.3846954631194,3657.009055638955,3.912327731459152
5.82,5.4,10.32,5.01,7.3999999999999995,35.4,10.91,15.95,8.91,21523.40857091455,32694.9095672634,96127.49298446096,2075.078332508183,3466.0607889781354,3.4801699196552858
3.05,5.6000000000000005,10.2,4.51,2.3,32.7,8.79,12.61,7.57,9885.588574991974,19353.27316514561,91968.15647852662,464.83751356201213,1107.124589361843,1.1894790023640027
4.41,6.0,11.31,4.2,2.1,27.700000000000003,4.92,12.32,5.36,14020.893065718805,28624.9736972473,95932.15058402941,952.7434660575952,2158.4632964466646,2.200451159767393
3.09,6.1,10.56,3.6,5.6000000000000005,39.6,12.41,12.95,7.39,8581.8452290243,21465.089707431332,91117.22938341586,853.0145688468273,2402.6556239508436,2.5690988420029575
2.63,6.3,11.97,4.79,5.6000000000000005,29.799999999999997,9.13,13.43,7.65,7066.406341713267,15606.324635622615,85470.92543414905,966.9484534563805,2717.4296123091945,3.081339590032244
2.98,5.3,11.09,3.41,5.2,32.2,9.81,12.9,8.16,7574.452303030374,20791.04427280586,90208.33550900235,1050.9787504900994,2316.739302578598,2.5038626037512315
4.74,6.2,9.45,3.73,3.5999999999999996,37.7,10.53,15.92,8.99,15874.83642845754,30618.576955826167,97125.49812561278,965.451682943223,1656.9948397692747,1.6773937329730062
1.95,5.4,11.03,5.43,2.5,38.1,4.81,14.71,7.43,4036.9117248945568,7625.311103724193,70300.08856491074,408.76484634310725,2207.3556877918663,3.040220936223722
5.81,5.4,11.85,6.8,4.2,36.8,9.57,15.14,5.68,23119.565338834862,30338.009275522672,96438.71150135195,1070.6781451256657,3117.582031389023,3.1314529274672416
5.76,6.5,8.77,4.75,3.4000000000000004,28.1,12.13,14.94,5.28,22291.23976137599,31194.65958156789,98256.68224757705,674.6122731480879,1297.3401556727026,1.3031376652510585
3.31,5.4,11.44,4.12,3.3000000000000003,35.4,6.68,13.94,7.78,9685.793387764828,22113.483862331846,91854.89483105509,1038.2720067509988,2583.4278962181356,2.735534944493762
2.78,6.6000000000000005,8.28,7.11,5.7,36.4,10.16,15.46,5.69,12236.351343967488,13346.96796249422,88168.97091580654,656.1734361065065,2593.3783284903207,2.857305414511169
5.76,5.4,11.93,7.33,6.5,31.6,7.8,13.94,8.33,23457.80897676878,28722.15591003545,95301.5302858524,2271.552244458702,4168.359271689958,4.190544571865084
5.18,5.8999999999999995,9.05,3.41,6.4,33.4,7.92,13.12,7.32,16843.388223683316,32617.936188797143,95766.96412293537,2078.015268873661,3401.982250485662,3.430438302517396
4.54,5.6000000000000005,11.33,6.26,4.3999999999999995,29.2,7.63,14.7,6.1,18024.818329187867,25877.93913567565,95252.26882540931,1333.822525131881,3137.4385937042803,3.188760821348186
3.9,6.6000000000000005,10.87,5.38,2.3,38.5,11.77,14.69,8.19,14452.00909794743,24167.702247582543,96016.211439039,452.51244952757986,1092.9717886460294,1.1254970631015304
5.53,6.1,11.91,5.91,4.7,37.4,4.5,14.19,8.45,20041.29796686684,29093.6127137925,93426.0255419747,2809.9783650759177,5733.757044862327,5.782290560474455
5.06,5.5,10.83,5.96,5.3,37.1,7.41,13.4,5.64,19977.04450541491,27925.330686684472,94647.33190006687,1531.6072550190183,4369.077648087443,4.412439967616024
5.66,6.4,11.71,3.44,6.1,28.799999999999997,4.75,15.68,6.63,15399.352391193752,34395.661685793675,92501.71027768719,3821.6645961819245,6694.930647115801,6.749046908649941
3.71,6.3,11.28,6.69,4.9,38.800000000000004,6.21,14.93,5.93,14623.378546793285,20470.377433420424,90905.04958999211,1375.9361420043817,5048.810742286709,5.2616646411615635
2.19,6.6000000000000005,11.69,6.91,6.3,35.8,7.44,13.42,5.75,5900.3721005803645,9170.800134086438,74547.42301077918,684.0219727596229,4253.560319281624,5.392514064335764
2.93,5.800000000000001,11.52,7.05,3.8,27.6,11.02,13.58,5.81,11181.943389194828,16391.68481738411,90373.12188462335,521.4525896076299,1720.799757526731,1.8685076824671678
5.54,6.6000000000000005,8.26,7.26,5.7,27.200000000000003,6.11,14.86,7.73,26192.598212699315,24142.908456389203,96215.22876074073,2090.64392723833,3137.314854200404,3.1577375735801767
3.78,5.5,10.38,3.28,4.8,33.900000000000006,7.01,13.53,8.04,10670.08866613413,26360.57936647251,93459.30139764905,1628.6837345653635,3107.8191183541994,3.218246094636742
4.71,6.0,10.42,7.91,3.5000000000000004,26.900000000000002,12.13,14.84,6.14,21826.80674836982,23980.456551359912,97360.76433419627,637.405690734802,1404.764270172624,1.4223131447115815
3.68,5.8999999999999995,11.42,5.39,4.6,37.4,10.93,12.83,7.18,13218.858772926467,23303.66844547325,94041.38148413785,861.8316887596254,2388.1228437291074,2.4765232950259524
3.65,6.6000000000000005,10.91,7.55,4.3999999999999995,30.599999999999998,7.61,12.44,6.57,15645.506768176487,19399.52950654482,93263.24544556664,994.3621578584223,2702.8038521899402,2.8163967309909195
2.45,5.1,9.99,6.15,2.4,38.2,5.91,12.23,5.42,8215.881788532786,12221.740494924075,84019.17797344577,391.206837203256,1999.3081683784255,2.324242445002173
1.82,5.7,11.2,5.03,4.5,27.400000000000002,8.55,15.46,7.96,3177.7030309589613,6731.777471351578,66412.09836859777,418.1702903943909,1663.3943037327822,2.4337684621114177
5.87,6.2,11.16,4.8,5.5,37.0,7.02,12.26,8.43,20005.25143051831,32985.55046571652,95622.22366106065,2166.250516018047,3881.9675014314284,3.9012682908309726
4.57,5.2,9.08,5.86,7.199999999999999,31.7,6.66,13.86,5.37,19580.0625932351,24404.15439118146,93300.77145475544,2072.425527927401,5131.962313912112,5.21362800209244
4.4,5.1,9.91,5.2,7.8,30.9,8.73,13.8,6.26,17202.245737357538,26172.706272425534,94002.04229249016,1972.8135915190921,4274.6570426292965,4.34957006199931
3.7,5.800000000000001,10.28,6.59,4.8,25.5,9.36,15.52,5.41,15629.462267384897,20876.563762425158,93973.13822094312,989.0764267261727,2508.1206378139223,2.599572638505211
2.08,6.0,9.19,4.03,5.2,36.6,7.64,13.44,6.57,4593.296857466096,9786.408273643236,75201.87200862468,611.0213076367396,2607.819278804064,3.3514488850089834
5.84,6.6000000000000005,10.69,6.28,3.4000000000000004,39.800000000000004,6.99,12.09,7.8,23150.789813158448,29713.464588875097,96944.10244318016,1188.752893492078,2572.6200300949495,2.5850920681387994
4.95,5.1,9.49,5.29,5.0,26.8,8.37,15.5,5.75,19918.358497100788,27973.963508404562,96245.56331810309,1433.5296084155082,2769.6250293418184,2.7971443704033296
5.71,5.6000000000000005,11.16,7.06,7.8,37.7,7.52,13.08,6.06,23516.58706687191,28096.259805555856,93146.98170657676,2287.0374816211315,6281.45255204945,6.317515540110927
4.04,5.800000000000001,10.21,3.07,2.0,25.4,11.77,12.71,8.72,11357.703683261598,29165.74356352569,97022.69664745813,447.6391472552634,563.0284578270549,0.5769476593220538
2.8,6.7,9.9,5.97,4.3,26.400000000000002,11.36,15.4,5.3,10250.246926653681,15482.077391588338,89046.37029580964,549.1621679053006,1745.9977036417713,1.9230478736810126
4.88,6.0,9.11,3.73,2.5,36.0,7.57,13.05,7.24,16639.16551598605,30659.720048911495,97414.14704469669,804.079971559447,1490.5033303922094,1.5069890360521985
3.36,6.5,11.6,3.85,3.0,25.2,10.25,15.04,7.84,9384.582503096755,23320.13037581733,93602.91268518963,707.5043680692957,1259.3878075008904,1.327576719597568
3.5,6.7,11.47,4.25,3.2,26.900000000000002,5.09,13.48,6.49,10330.670796350287,22478.291514570272,92071.03767228566,1293.1754209860785,2850.9106049624434,3.003387435320568
4.54,5.800000000000001,10.02,4.88,4.0,30.599999999999998,4.65,14.62,8.82,16665.317316442393,26321.636405506055,94778.07736406742,2183.389108520435,3416.0504463707257,3.4788369335905336
4.75,6.3,8.6,5.14,7.1,29.9,11.43,14.43,8.9,19791.537798416037,26947.08445231576,96667.77468296888,1562.002751420563,2197.8630218633857,2.223058239053551
2.69,5.0,9.96,3.43,6.0,36.9,5.69,14.93,8.02,6635.031310697501,16414.2095001323,83886.04180807383,1726.7130831521426,4637.11362677976,5.238215259079313
2.75,5.3,9.18,5.61,7.5,36.0,8.57,15.79,8.3,10153.239256220952,15032.198745830496,86646.44323975529,1387.1045455453057,3733.506637312885,4.130859164538786
5.74,5.0,8.87,5.49,4.2,34.2,7.79,15.71,7.7,23788.964574386573,29425.249230637535,97111.02430002096,1393.4070871908443,2435.947528579866,2.4470102191121854
2.9,5.1,10.86,5.34,7.5,30.2,11.11,12.62,8.62,9875.415753951265,17778.438624580464,89484.60587266956,1193.9396769946748,2623.0542319974415,2.847782937220492
2.15,6.2,11.91,4.55,7.5,35.199999999999996,4.62,15.84,7.64,3702.4079458051397,8268.146250848957,66570.00738753684,1469.530626174876,6704.858947323146,9.144345551063942
2.91,5.0,8.34,3.77,7.8,30.3,8.59,13.69,5.04,9463.516356750153,18404.751600888885,88446.1934852697,1331.7688900525254,3790.729082800938,4.1097123290537105
5.74,6.2,11.78,4.42,4.5,26.0,10.19,12.19,5.72,18467.60893434866,34795.662348973776,97309.92421650173,1193.69191597072,2201.0611263230235,2.2118514482019704
2.8,6.3,9.43,7.65,6.0,38.800000000000004,7.56,13.63,5.41,11768.72034333668,13253.312687364063,86223.2480182008,850.7234093196968,4096.23852442477,4.535238333113987
5.57,5.3,11.51,6.84,5.1,27.800000000000004,11.42,15.68,6.48,22766.812794293885,29502.28526151062,97007.43263412727,1220.393038377238,2465.165470828006,2.478217085723281
1.96,6.1,10.52,3.92,6.5,26.200000000000003,9.97,14.18,6.76,3547.1152401661084,8990.941522295012,72292.66186247229,612.4823023664729,2171.5007399430287,2.9156121491143483
3.78,6.1,10.33,5.93,3.4000000000000004,27.1,9.47,15.29,7.7,15121.419848214773,22226.00979093629,95220.24739365255,812.7964188882037,1519.002386521415,1.5701887043244382
1.92,5.5,8.77,3.24,3.0,31.900000000000002,12.39,13.91,8.02,3477.0676975295264,8997.910353662737,73654.06031669739,228.38232818059285,714.1339109917593,0.9602381497042781
5.04,6.4,9.31,7.43,4.0,25.900000000000002,8.82,13.17,5.4,23516.28703268824,24291.75170965678,97135.491090728,902.323081466821,1920.357635050479,1.9386480709168556
4.85,5.6000000000000005,11.01,6.41,7.3999999999999995,25.900000000000002,9.01,13.36,7.22,19761.635454873096,26760.523259317473,95381.1082969658,2016.7841514929578,3453.3803703758213,3.494076273855205
3.99,5.2,11.13,6.31,6.2,29.2,8.66,14.02,8.57,16016.873884932018,23226.797734788917,94244.04523684774,1675.1252268214519,3069.785749575309,3.154495134970337
5.2,5.800000000000001,11.31,7.84,3.3000000000000003,33.900000000000006,4.67,14.37,6.83,22450.8044994809,25256.85210694621,95104.38753275131,1601.6158215548355,3923.5267676492995,3.962015157067373
2.08,6.6000000000000005,10.62,7.73,2.5,27.900000000000002,5.96,12.6,8.84,6014.1409895167335,7800.07556466089,75393.29060009054,353.86803078006153,1186.1905848580707,1.5464058514633936
5.63,6.7,9.32,7.49,2.1,29.4,12.3,12.4,8.34,25851.345333159104,26060.549911514456,98867.97086311027,393.9436860663357,608.3807405056531,0.6115790935973632
1.79,5.5,10.9,3.55,4.3999999999999995,33.5,5.63,15.86,5.59,2247.716880205552,6393.709193061889,62052.63670577906,476.21591921908407,3130.9089173358143,4.794333792299887
1.96,6.2,11.16,5.36,4.9,35.8,7.82,12.28,7.78,4035.6529666116303,7884.2965030948935,70702.0676781654,485.42194724976383,2337.98299206238,3.196620251039517
2.0,5.4,10.61,5.51,5.4,29.7,12.41,14.22,7.15,4871.938320276257,8994.33001110868,75251.382221687,410.131048084568,1632.4474378856094,2.1224390533278896
5.54,5.4,10.32,6.25,7.3999999999999995,28.299999999999997,10.64,12.07,7.56,22882.554783080228,29253.26384084062,96695.85338970719,1725.7104359751252,2765.76133494106,2.780709439017432
2.73,6.7,8.67,4.89,6.5,28.4,4.85,12.73,5.86,8875.489487337458,13757.600072266892,83689.92444092143,1604.5193980227475,4512.565814113537,5.116081882563106
5.79,6.2,11.67,5.83,4.0,33.1,10.21,15.35,5.62,21484.429262080776,31857.62042355865,96936.46088438816,1019.0350969308611,2600.5537784691633,2.612626825080798
2.68,6.3,9.54,7.91,7.3,34.5,11.25,14.96,5.32,11406.224112447171,12930.857610705756,86412.48042787139,727.5002652973958,3354.472811354833,3.7368296137478683
4.89,6.2,9.06,4.63,7.3999999999999995,38.7,5.03,13.38,7.7,18213.060268508387,26891.427930078593,92110.88241258619,3284.2278968091937,6490.423648055308,6.582417886416784
3.64,5.5,8.22,5.22,2.8000000000000003,26.900000000000002,7.73,12.58,5.21,15341.267217806238,20775.84629659721,94994.5343960988,594.0612582999285,1347.2435199937897,1.3983857549443799
4.03,5.5,8.16,3.41,3.3000000000000003,30.099999999999998,8.28,13.94,7.47,13843.053329640252,26521.00344864153,96156.60455488763,904.3927331663606,1414.4828515410911,1.4496718288086679
5.85,6.9,8.82,5.64,7.199999999999999,36.9,5.29,13.74,7.22,23699.91052938994,27863.63828047924,93431.24858702683,3081.6368509845815,5998.671391945908,6.033009347989727
3.88,5.4,9.96,3.43,5.1,36.6,7.06,13.32,7.91,11664.721840470675,26489.730649767833,93567.48909382102,1671.4213477684154,3367.3402030138645,3.4737638992435684
4.39,6.5,9.19,3.39,2.9000000000000004,37.8,4.93,12.22,5.7,13831.774716179889,28516.190293757463,95101.77337917377,1193.3056172675538,2924.7699433674,2.9836039086421247
5.23,5.8999999999999995,10.33,6.05,5.4,27.700000000000003,10.98,12.09,5.44,21340.515114728492,28565.828107716497,96929.33246805263,1082.6439316696208,2326.4323977169593,2.3438563091857283
3.91,5.800000000000001,8.85,7.06,6.9,27.1,8.13,14.25,5.42,18431.70752377458,19986.187040777233,93561.37579394835,1463.1595392693275,3584.6889913323857,3.6899716399969504
3.9,6.4,10.86,6.69,3.8,34.4,9.67,15.24,5.47,16173.020649676626,22153.945790442023,94612.16248834277,735.6054183847115,2447.5941266754417,2.521719484871213
3.66,6.1,10.88,6.52,5.1,37.4,9.48,13.17,6.34,14820.906898273128,21068.666980034297,93152.74148323407,960.1371639914968,3096.4852962285963,3.217127110906449
5.65,6.2,11.95,4.54,7.6,26.200000000000003,10.02,15.22,6.32,18276.28073880984,34111.68763327493,95350.77244143534,2288.6633642606134,4094.45164263985,4.117246114348601
4.58,5.4,10.48,6.22,3.0,28.999999999999996,9.42,14.37,7.15,19034.421781818837,25900.861713360486,97105.23576133206,765.1451466374824,1478.3485632049792,1.4995764236638085
3.93,5.1,11.47,5.02,4.8,35.0,6.13,15.95,7.8,13520.90128696677,24402.156179350535,92506.30158442307,1883.1386569452507,4377.037454515395,4.517795308641165
5.38,5.6000000000000005,8.05,3.11,7.7,35.699999999999996,12.36,12.63,8.65,18020.003453070192,34359.29939729966,97148.33756156791,1656.8870599791683,2294.3861438272775,2.307204570308751
4.02,5.4,8.73,3.57,3.3000000000000003,33.300000000000004,9.47,12.07,7.82,13665.800852241724,26744.15747175605,96282.5647438757,766.9453339200425,1295.2496586039756,1.3273818594547242
3.54,6.6000000000000005,8.97,3.37,7.3999999999999995,25.1,8.08,12.62,7.02,10847.947550477405,23688.339080686743,92729.91665595645,1882.7552216699241,2930.569627180975,3.063461266202998
2.43,5.6000000000000005,10.69,6.61,5.3,29.7,5.09,12.62,7.59,7560.271235238283,10874.019084392443,80068.90666123759,1126.2264497932806,3632.1790417028997,4.3392370664031406
4.43,6.9,8.77,7.13,5.0,27.6,8.26,12.34,5.59,20931.816916025928,21863.86797512842,95863.17986430379,1063.4933193343727,2375.9007014273675,2.418470673902061
